<?xml version="1.0" encoding="UTF-8"?>
<project-private xmlns="http://www.netbeans.org/ns/project-private/1">
    <editor-bookmarks xmlns="http://www.netbeans.org/ns/editor-bookmarks/2" lastBookmarkId="0"/>
    <open-files xmlns="http://www.netbeans.org/ns/projectui-open-files/2">
        <group>
            <file>file:/home/etud/dekarupovi/2eme/Java/NetBeansProjects/ProjetMeteo/src/projetmeteo/FXMLDocumentController.java</file>
            <file>file:/home/etud/dekarupovi/2eme/Java/NetBeansProjects/ProjetMeteo/src/projetmeteo/ProjetMeteo.java</file>
            <file>file:/home/etud/dekarupovi/2eme/Java/NetBeansProjects/ProjetMeteo/src/projetmeteo/MeteoMain.fxml</file>
        </group>
    </open-files>
</project-private>
